<?xml version="1.0" encoding="UTF-8"?><?xml-stylesheet type='text/xsl' href='_UpgradeReport_Files/UpgradeReport.xslt'?><UpgradeLog>
<Properties><Property Name="Solution" Value="lsMailserver_Install">
</Property><Property Name="Solution File" Value="E:\LumiSoft\MailServer\Install\lsMailserver_Install\lsMailserver_Install.sln">
</Property><Property Name="Date" Value="25. aprill 2010. a.">
</Property><Property Name="Time" Value="14:20">
</Property></Properties><Event ErrorLevel="0" Project="lsMailserver_Install" Source="lsMailserver_Install.csproj" Description="Project converted successfully">
</Event><Event ErrorLevel="3" Project="lsMailserver_Install" Source="lsMailserver_Install.csproj" Description="Converted">
</Event><Event ErrorLevel="0" Project="" Source="lsMailserver_Install.sln" Description="Solution converted successfully">
</Event><Event ErrorLevel="3" Project="" Source="lsMailserver_Install.sln" Description="Converted">
</Event><Event ErrorLevel="0" Project="lsMailserver_Install" Source="lsMailserver_Install.csproj" Description="Scan complete: Upgrade not required for project files.">
</Event></UpgradeLog>