<?xml version="1.0" encoding="UTF-8"?><?xml-stylesheet type='text/xsl' href='_UpgradeReport_Files/UpgradeReport.xslt'?><UpgradeLog>
<Properties><Property Name="Solution" Value="MailServerConfiguration">
</Property><Property Name="Solution File" Value="E:\LumiSoft\MailServer\MailServerConfiguration\MailServerConfiguration.sln">
</Property><Property Name="Date" Value="25. aprill 2010. a.">
</Property><Property Name="Time" Value="14:21">
</Property></Properties><Event ErrorLevel="0" Project="MailServerConfiguration" Source="MailServerConfiguration.csproj" Description="Project converted successfully">
</Event><Event ErrorLevel="3" Project="MailServerConfiguration" Source="MailServerConfiguration.csproj" Description="Converted">
</Event><Event ErrorLevel="0" Project="" Source="MailServerConfiguration.sln" Description="Solution converted successfully">
</Event><Event ErrorLevel="3" Project="" Source="MailServerConfiguration.sln" Description="Converted">
</Event><Event ErrorLevel="0" Project="MailServerConfiguration" Source="MailServerConfiguration.csproj" Description="Scan complete: Upgrade not required for project files.">
</Event></UpgradeLog>